{
  "id": "dotmm",
  "title": "DotMM",
  "version": "1.0.0",
  "compatibility": {
    "minimum": "11",
    "verified": "11"
  },
  "manifest": "https://github.com/Callirhoe/shared-dotmm/raw/main/module.json",
  "download": "https://github.com/Callirhoe/shared-dotmm/raw/main/packs.zip",
  "packs": [
    {
      "name": "scenes",
      "label": "Scenes",
      "path": "packs/scenes",
      "type": "Scene",
      "ownership": {
        "PLAYER": "OBSERVER",
        "ASSISTANT": "OWNER"
      },
      "system": "dnd5e",
      "flags": {}
    }
  ]
}
